{
    "rmse": 0.8184395575109173,
    "mae": 0.6549104172110697,
    "r2": 0.027088758178754446
}